IDfg,Season,Name,Team,Age
15640,2025,Aaron Judge,NYY,33
21534,2025,Cal Raleigh,SEA,28
25764,2025,Bobby Witt Jr.,KCR,25
19755,2025,Shohei Ohtani,LAD,30
22799,2025,Geraldo Perdomo,ARI,25
16252,2025,Trea Turner,PHI,32
25878,2025,Corbin Carroll,ARI,24
13510,2025,Jose Ramirez,CLE,32
12916,2025,Francisco Lindor,NYM,31
19709,2025,Fernando Tatis Jr.,SDP,26
20123,2025,Juan Soto,NYM,26
21636,2025,Jeremy Pena,HOU,27
23697,2025,Julio Rodriguez,SEA,24
22715,2025,Maikel Garcia,KCR,25
27769,2025,Pete Crow-Armstrong,CHC,23
12856,2025,George Springer,TOR,35
14161,2025,Byron Buxton,MIN,31
16478,2025,Kyle Schwarber,PHI,32
15998,2025,Cody Bellinger,NYY,29
26289,2025,Gunnar Henderson,BAL,24
21479,2025,Nico Hoerner,CHC,28
14344,2025,Matt Olson,ATL,31
22581,2025,Alejandro Kirk,TOR,26
35110,2025,Nick Kurtz,ATH,22
13613,2025,Ketel Marte,ARI,31
28163,2025,Junior Caminero,TBR,21
18345,2025,Kyle Tucker,CHC,28
20454,2025,Jazz Chisholm Jr.,NYY,27
22186,2025,Brice Turang,MIL,25
26668,2025,Elly De La Cruz,CIN,23
19197,2025,Will Smith,LAD,30
33333,2025,Wyatt Langford,TEX,23
24816,2025,Andy Pages,LAD,24
27464,2025,Dillon Dingler,DET,26
26151,2025,Kyle Stowers,MIA,27
13624,2025,Corey Seager,TEX,31
15986,2025,Willy Adames,SFG,29
5361,2025,Freddie Freeman,LAD,35
25816,2025,Shea Langeliers,ATH,27
19611,2025,Vladimir Guerrero Jr.,TOR,26
24617,2025,Jarren Duran,BOS,28
19612,2025,Bo Bichette,TOR,27
12552,2025,Eugenio Suarez,- - -,33
11493,2025,Manny Machado,SDP,32
24262,2025,Ceddanne Rafaela,BOS,24
16505,2025,Matt Chapman,SFG,32
19251,2025,Pete Alonso,NYM,30
29622,2025,Sal Frelick,MIL,25
20503,2025,William Contreras,MIL,27
18401,2025,Ronald Acuna Jr.,ATL,27
26319,2025,Michael Busch,CHC,27
11579,2025,Bryce Harper,PHI,32
17678,2025,Alex Bregman,BOS,31
33266,2025,Jacob Wilson,ATH,23
27479,2025,Masyn Winn,STL,23
29715,2025,Hunter Goodman,COL,25
27467,2025,Tyler Soderstrom,ATH,23
13611,2025,Mookie Betts,LAD,32
17350,2025,Rafael Devers,- - -,28
29518,2025,James Wood,WSN,22
18314,2025,Dansby Swanson,CHC,31
18564,2025,Trent Grisham,NYY,28
18030,2025,Harrison Bader,- - -,31
31347,2025,Zach Neto,LAA,24
19392,2025,Zach McKinstry,DET,30
12161,2025,Xander Bogaerts,SDP,32
20352,2025,Ernie Clement,TOR,29
24610,2025,Steven Kwan,CLE,27
27478,2025,Patrick Bailey,SFG,26
18839,2025,Josh Naylor,- - -,28
31539,2025,Drake Baldwin,ATL,24
25768,2025,CJ Abrams,WSN,24
26294,2025,Bryson Stott,PHI,27
17128,2025,Ramon Laureano,- - -,30
29576,2025,Ben Rice,NYY,26
16442,2025,Ryan O'Hearn,- - -,31
29490,2025,Jackson Merrill,SDP,22
12927,2025,Brandon Nimmo,NYM,32
12564,2025,Trevor Story,BOS,32
27562,2025,Austin Wells,NYY,25
16578,2025,Yandy Diaz,TBR,33
13301,2025,Max Muncy,LAD,34
25976,2025,Riley Greene,DET,24
17548,2025,Taylor Ward,LAA,31
24679,2025,Brendan Donovan,STL,28
28806,2025,Jackson Chourio,MIL,21
19290,2025,Randy Arozarena,SEA,30
18036,2025,Jake Cronenworth,SDP,31
19522,2025,TJ Friedl,CIN,29
11609,2025,Willson Contreras,STL,33
17919,2025,Ian Happ,CHC,30
15491,2025,J.P. Crawford,SEA,30
31812,2025,Roman Anthony,BOS,21
29712,2025,Colson Montgomery,CHW,23
20599,2025,Ivan Herrera,STL,25
22664,2025,Gabriel Moreno,ARI,25
19722,2025,Carlos Narvaez,BOS,26
13152,2025,Jorge Polanco,SEA,31
30116,2025,Seiya Suzuki,CHC,30
25477,2025,Isaac Collins,MIL,27
13620,2025,Carson Kelly,CHC,30
16997,2025,Gleyber Torres,DET,28
14162,2025,Carlos Correa,- - -,30
29646,2025,Caleb Durbin,MIL,25
21837,2025,Jonathan Aranda,TBR,27
20036,2025,Isaac Paredes,HOU,26
22266,2025,Xavier Edwards,MIA,25
19627,2025,Brent Rooker,ATH,30
11477,2025,Christian Yelich,MIL,33
23772,2025,Wilyer Abreu,BOS,26
20202,2025,Brandon Marsh,PHI,27
33824,2025,Jung Hoo Lee,SFG,26
27465,2025,Spencer Torkelson,DET,25
26123,2025,Brett Baty,NYM,25
14854,2025,Mike Yastrzemski,- - -,34
20308,2025,Jake Meyers,HOU,29
19608,2025,Otto Lopez,MIA,26
31370,2025,Jakob Marsee,MIA,24
19918,2025,Daulton Varsho,TOR,28
24598,2025,Addison Barger,TOR,25
16530,2025,Mauricio Dubon,HOU,30
27615,2025,Alec Burleson,STL,26
13897,2025,Tyler Heineman,TOR,34
5417,2025,Jose Altuve,HOU,35
24618,2025,Ryan Jeffers,MIN,28
15362,2025,Jeff McNeil,NYM,33
11739,2025,J.T. Realmuto,PHI,34
23401,2025,Jose Caballero,- - -,28
12533,2025,Marcus Semien,TEX,34
22542,2025,Lawrence Butler,ATH,24
19352,2025,Sean Murphy,ATL,30
4949,2025,Giancarlo Stanton,NYY,35
33549,2025,Kyle Teel,CHW,23
27815,2025,Jordan Westburg,BAL,26
15112,2025,Ryan McMahon,- - -,30
10155,2025,Mike Trout,LAA,33
26121,2025,Francisco Alvarez,NYM,23
18123,2025,Nathan Lukes,TOR,30
26396,2025,Josh Smith,TEX,27
26202,2025,Jake Mangum,TBR,29
17620,2025,Myles Straw,TOR,30
26477,2025,Spencer Horwitz,PIT,27
18882,2025,Brandon Lowe,TBR,30
21618,2025,Alec Bohm,PHI,28
22857,2025,Wenceel Perez,DET,25
18360,2025,Austin Riley,ATL,28
7802,2025,Miguel Rojas,LAD,36
26299,2025,Josh Jung,TEX,27
31349,2025,Victor Scott II,STL,24
33321,2025,Luke Keaschall,MIN,22
17022,2025,Edmundo Sosa,PHI,29
27899,2025,Colt Keith,DET,23
23003,2025,Yainer Diaz,HOU,26
21711,2025,Oneil Cruz,PIT,26
25782,2025,Pedro Pages,STL,26
15905,2025,Luis Torrens,NYM,29
26438,2025,Dominic Canzone,SEA,27
21562,2025,Romy Gonzalez,BOS,28
27676,2025,Vinnie Pasquantino,KCR,27
25961,2025,Kerry Carpenter,DET,27
25807,2025,Jared Triolo,PIT,27
21865,2025,Bo Naylor,CLE,25
29995,2025,Daylen Lile,WSN,22
26466,2025,Matt Wallner,MIN,27
15274,2025,Mike Tauchman,CHW,34
33189,2025,Nolan Schanuel,LAA,23
27790,2025,Evan Carter,TEX,22
20572,2025,Kody Clemens,- - -,29
33322,2025,Matt Shaw,CHC,23
12979,2025,Javier Baez,DET,32
25931,2025,Michael Harris II,ATL,24
29695,2025,Matt McLain,CIN,25
18577,2025,Ke'Bryan Hayes,- - -,28
25493,2025,Joey Ortiz,MIL,26
23565,2025,Davis Schneider,TOR,26
10815,2025,Jurickson Profar,ATL,32
24878,2025,Heriberto Hernandez,MIA,25
19901,2025,Gavin Sheets,SDP,29
22896,2025,Lenyn Sosa,CHW,25
16535,2025,Danny Jansen,- - -,30
20178,2025,Miguel Vargas,CHW,25
21524,2025,Joey Bart,PIT,28
17929,2025,Cedric Mullins,- - -,30
16556,2025,Ozzie Albies,ATL,28
20043,2025,Luis Robert Jr.,CHW,27
31580,2025,Chase Meidroth,CHW,23
29858,2025,Denzel Clarke,ATH,25
25180,2025,Daniel Schneemann,CLE,28
20220,2025,Jo Adell,LAA,26
29794,2025,Kyle Manzardo,CLE,24
19363,2025,Austin Hays,CIN,29
10324,2025,Marcell Ozuna,ATL,34
31781,2025,Jackson Holliday,BAL,21
26288,2025,Adley Rutschman,BAL,27
19470,2025,Tommy Edman,LAD,30
12976,2025,Austin Hedges,CLE,32
18872,2025,Jahmai Jones,DET,27
15878,2025,Miguel Andujar,- - -,30
17276,2025,Alex Jackson,BAL,29
26517,2025,Noelvi Marte,CIN,23
17988,2025,Tyler Stephenson,CIN,28
22515,2025,Heliot Ramos,SFG,25
19326,2025,Bryan Reynolds,PIT,30
13419,2025,Christian Walker,HOU,34
18795,2025,Ramon Urias,- - -,31
21614,2025,Kyle Isbel,KCR,28
22563,2025,Gabriel Arias,CLE,25
15271,2025,Austin Wynns,- - -,34
13770,2025,Rob Refsnyder,BOS,34
27462,2025,Austin Martin,MIN,26
26323,2025,Spencer Steer,CIN,27
23789,2025,Blaze Alexander,ARI,26
19913,2025,Jesus Sanchez,- - -,27
29844,2025,Liam Hicks,MIA,26
5517,2025,Kyle Higashioka,TEX,35
31363,2025,Graham Pauley,MIA,24
35108,2025,Cam Smith,HOU,22
20437,2025,Royce Lewis,MIN,26
27647,2025,Anthony Volpe,NYY,24
21538,2025,Nick Fortes,- - -,28
21840,2025,Freddy Fermin,- - -,30
19950,2025,Andres Gimenez,TOR,26
29931,2025,Jacob Young,WSN,25
16472,2025,Rhys Hoskins,MIL,32
19296,2025,Alex Call,- - -,30
31431,2025,Jordan Beck,COL,24
18568,2025,Luis Arraez,SDP,28
17982,2025,Ty France,- - -,30
9777,2025,Nolan Arenado,STL,34
27490,2025,Nick Gonzales,PIT,26
21693,2025,Miguel Amaya,CHC,26
22239,2025,Jeremiah Jackson,BAL,25
15194,2025,Jake Bauers,MIL,29
9218,2025,Paul Goldschmidt,NYY,37
14968,2025,Victor Caratini,HOU,31
21009,2025,Leo Rivas,SEA,27
19238,2025,Lourdes Gurriel Jr.,ARI,31
35322,2025,Hyeseong Kim,LAD,26
25979,2025,Nasim Nunez,WSN,24
24064,2025,Ezequiel Tovar,COL,23
15674,2025,Reese McGuire,CHC,30
21454,2025,Lars Nootbaar,STL,27
13675,2025,Tyrone Taylor,NYM,31
29478,2025,Carter Jensen,KCR,21
29630,2025,Joey Loperfido,TOR,26
21842,2025,Carlos Cortes,ATH,28
20002,2025,Bryce Johnson,SDP,29
19892,2025,Pavin Smith,ARI,29
17232,2025,Yoan Moncada,LAA,30
31695,2025,Dylan Beavers,BAL,23
19455,2025,Andruw Monasterio,MIL,28
12859,2025,James McCann,ARI,35
9241,2025,Starling Marte,NYM,36
27577,2025,Casey Schmitt,SFG,26
20391,2025,Luis Garcia Jr.,WSN,25
15223,2025,Adam Frazier,- - -,33
28253,2025,Javier Sanoja,MIA,22
19346,2025,Eli White,ATL,31
31912,2025,Chandler Simpson,TBR,24
19287,2025,Adolis Garcia,TEX,32
23698,2025,Ronny Mauricio,NYM,24
16512,2025,Isiah Kiner-Falefa,- - -,30
16947,2025,Derek Hill,- - -,29
22277,2025,Nick Allen,ATL,26
19956,2025,Mickey Moniak,COL,27
26365,2025,Jonny DeLuca,TBR,26
25643,2025,Drew Millas,WSN,27
21746,2025,Jose Fermin,STL,26
24605,2025,Michael Helman,TEX,29
13066,2025,Teoscar Hernandez,LAD,32
28080,2025,Jasson Dominguez,NYY,22
26197,2025,Andrew Vaughn,- - -,27
12144,2025,Max Kepler,PHI,32
17338,2025,Willi Castro,- - -,28
29591,2025,Colton Cowser,BAL,25
19318,2025,Matt Thaiss,- - -,30
24488,2025,Max Schuemann,ATH,28
29524,2025,Bryce Teodosio,LAA,26
31583,2025,Zach Cole,HOU,24
19556,2025,Yordan Alvarez,HOU,28
7304,2025,Salvador Perez,KCR,35
29592,2025,Connor Norby,MIA,25
27653,2025,Christian Koss,SFG,27
23792,2025,Alek Thomas,ARI,25
27883,2025,Thomas Saggese,STL,23
20084,2025,J.C. Escarra,NYY,30
31505,2025,Sal Stewart,CIN,21
15653,2025,Dominic Smith,SFG,30
15518,2025,Amed Rosario,- - -,29
27690,2025,Joey Wiemer,MIA,26
22184,2025,Mark Vientos,NYM,25
29788,2025,Brett Harris,ATH,27
29668,2025,Marcelo Mayer,BOS,22
18819,2025,Andy Ibanez,DET,32
25479,2025,Brenton Doyle,COL,27
19921,2025,Blake Perkins,MIL,28
26420,2025,Kyren Paris,LAA,23
23690,2025,Brayan Rocchio,CLE,24
11680,2025,Elias Diaz,SDP,34
33197,2025,Ben Williamson,SEA,24
27555,2025,Garrett Mitchell,MIL,26
24336,2025,Johan Rojas,PHI,24
26548,2025,Luisangel Acuna,NYM,23
28820,2025,Moises Ballesteros,CHC,21
24622,2025,Ryan Fitzgerald,MIN,31
26149,2025,Dominic Fletcher,CHW,27
25055,2025,Nate Eaton,BOS,28
19955,2025,Gavin Lux,CIN,27
19260,2025,Jake Fraley,- - -,30
13355,2025,Luke Maile,KCR,34
25779,2025,Tyler Tolbert,KCR,27
9874,2025,DJ LeMahieu,NYY,36
31595,2025,Brooks Lee,MIN,24
27506,2025,Ha-seong Kim,- - -,29
14111,2025,Eric Haase,MIL,32
2396,2025,Carlos Santana,- - -,39
16725,2025,Jose Trevino,CIN,32
20017,2025,Miles Mastrobuoni,SEA,29
26374,2025,Kameron Misner,TBR,27
19452,2025,Jake Rogers,DET,30
31665,2025,Alex Freeland,LAD,23
22458,2025,Taylor Walls,TBR,28
21646,2025,Rafael Marchan,PHI,26
21496,2025,Brandon Lockridge,- - -,28
9774,2025,Christian Vazquez,MIN,34
20450,2025,Brewer Hicklen,DET,29
25543,2025,Korey Lee,CHW,26
26143,2025,Troy Johnston,MIA,28
17901,2025,Andrew Benintendi,CHW,30
21501,2025,Trevor Larnach,MIN,28
33704,2025,C.J. Kayfus,CLE,23
2967,2025,Tommy Pham,PIT,37
18054,2025,Sam Haggerty,TEX,31
28312,2025,Coby Mayo,BAL,23
13324,2025,Ildemaro Vargas,ARI,33
34979,2025,Christian Moore,LAA,22
18015,2025,Paul DeJong,WSN,31
18848,2025,Yohel Pozo,STL,28
19354,2025,Luke Raley,SEA,30
33541,2025,Dylan Crews,WSN,23
31765,2025,Nacho Alvarez Jr.,ATL,22
23800,2025,Parker Meadows,DET,25
19514,2025,Andrew Knizner,SFG,30
31357,2025,Nathan Church,STL,24
26253,2025,Ryne Nelson,ARI,27
31567,2025,Trey Lipscomb,WSN,25
16398,2025,Brian Navarreto,MIA,30
24589,2025,Richie Palacios,TBR,28
27931,2025,Petey Halpin,CLE,23
25971,2025,Kevin Alcantara,CHC,22
22541,2025,George Valera,CLE,24
13145,2025,Josh Bell,WSN,32
15679,2025,Rowdy Tellez,- - -,30
13755,2025,Tomas Nido,DET,31
19877,2025,Tristan Gray,TBR,29
31562,2025,Zach Dezenzo,HOU,25
33280,2025,Brice Matthews,HOU,23
19802,2025,Jhonny Pereda,- - -,29
21716,2025,Enmanuel Valdez,PIT,26
16622,2025,Luis Urias,ATH,28
24273,2025,Liover Peguero,PIT,24
27630,2025,Nick Loftin,KCR,26
31500,2025,Ryan Ritter,COL,24
21707,2025,Oswaldo Cabrera,NYY,26
23986,2025,Curtis Mead,- - -,24
20536,2025,Vidal Brujan,- - -,27
19966,2025,Bobby Dalbec,CHW,30
26208,2025,Tyler Fitzgerald,SFG,27
31545,2025,Drew Gilbert,SFG,24
26284,2025,John Rave,KCR,27
27531,2025,David Hamilton,BOS,27
21871,2025,Jerar Encarnacion,SFG,27
29487,2025,Blake Dunn,CIN,26
18217,2025,Brett Sullivan,PIT,31
15172,2025,Tim Anderson,LAA,32
22766,2025,Steward Berroa,MIL,26
29949,2025,Tyler Black,MIL,24
10655,2025,Rob Brantly,MIA,35
17954,2025,Sam Hilliard,COL,31
21626,2025,Griffin Conine,MIA,27
20404,2025,Jared Young,NYM,29
21853,2025,Will Benson,CIN,27
26546,2025,Agustin Ramirez,MIA,23
21497,2025,Luken Baker,STL,28
13338,2025,Omar Narvaez,CHW,33
31855,2025,Colby Thomas,ATH,24
29554,2025,Adrian Del Castillo,ARI,25
19562,2025,Zack Short,HOU,30
23691,2025,Jose Tena,WSN,24
29573,2025,Billy Cook,PIT,26
29606,2025,Justyn-Henry Malloy,DET,25
20311,2025,Corey Julks,CHW,29
16153,2025,Austin Slater,- - -,32
25999,2025,Victor Mesa Jr.,MIA,23
15161,2025,Mitch Garver,SEA,34
8623,2025,Donovan Solano,- - -,37
31991,2025,Rafael Flores,PIT,24
19858,2025,Luis Rengifo,LAA,28
29571,2025,Tim Tawa,ARI,26
28142,2025,Jhostynxon Garcia,BOS,22
22707,2025,Gustavo Campero,LAA,27
21558,2025,Matt Vierling,DET,28
22054,2025,Dane Myers,MIA,29
20003,2025,Keston Hiura,COL,28
21587,2025,Cesar Salazar,HOU,29
20321,2025,Stuart Fairchild,ATL,29
29547,2025,Ryan Bliss,SEA,25
21780,2025,Esteury Ruiz,LAD,26
27915,2025,Alejandro Osuna,TEX,22
33252,2025,Kyle Karros,COL,22
13768,2025,Travis Jankowski,- - -,34
15055,2025,Dom Nunez,CLE,30
27496,2025,Owen Caissie,CHC,22
10200,2025,Tucker Barnhart,TEX,34
23733,2025,Ezequiel Duran,TEX,26
17684,2025,Vimael Machin,BAL,31
18551,2025,Ali Sanchez,- - -,28
23250,2025,David Banuelos,BAL,28
26244,2025,Kenedy Corona,HOU,25
25621,2025,Bryan Ramos,CHW,23
20626,2025,Logan Porter,SFG,29
25353,2025,Michael Stefanic,TOR,29
22232,2025,Mason McCoy,SDP,30
24655,2025,Owen Miller,COL,28
29958,2025,Harry Ford,SEA,22
21489,2025,Hayden Senger,NYM,28
21547,2025,Coco Montes,TBR,28
22168,2025,Akil Baddoo,DET,26
16451,2025,Luis Guillorme,HOU,30
12317,2025,Colin Rea,CHC,34
17735,2025,Tyler Alexander,- - -,30
18067,2025,Garrett Stubbs,PHI,32
19824,2025,Chuckie Robinson,LAD,30
22286,2025,Trevor Rogers,BAL,27
24400,2025,Terrin Vavra,BAL,28
25005,2025,Justin Dean,LAD,28
25448,2025,Greg Jones,CHW,27
30146,2025,Jack Leiter,TEX,25
35324,2025,Shinnosuke Ogasawara,WSN,27
25714,2025,Blaine Crim,- - -,28
11442,2025,Gary Sanchez,BAL,32
13590,2025,Jesse Winker,NYM,31
9847,2025,Andrew McCutchen,PIT,38
26368,2025,JJ Bleday,ATH,27
31837,2025,Masataka Yoshida,BOS,31
22275,2025,Jake Burger,TEX,29
27963,2025,Maximo Acosta,MIA,22
21897,2025,Christopher Morel,TBR,26
25483,2025,Nick Sogard,BOS,27
19953,2025,Josh Lowe,TBR,27
18042,2025,Dylan Moore,- - -,32
26540,2025,Angel Martinez,CLE,23
11489,2025,Michael A. Taylor,CHW,34
10472,2025,Enrique Hernandez,LAD,33
14712,2025,Manuel Margot,DET,30
24782,2025,David Villar,SFG,28
25705,2025,Dustin Harris,TEX,25
21635,2025,Nick Maton,CHW,28
26224,2025,Darell Hernaiz,ATH,23
18821,2025,Jose Azocar,- - -,29
27735,2025,Brett Wisely,- - -,26
21622,2025,Jake McCarthy,ARI,27
27504,2025,Nick Yorke,PIT,23
31382,2025,Dalton Rushing,LAD,24
24641,2025,Willie MacIver,ATH,28
19599,2025,Chas McCormick,HOU,30
31564,2025,Alan Roden,- - -,25
22557,2025,Michael Siani,STL,25
19643,2025,Daniel Johnson,- - -,29
24597,2025,Jonathan Ornelas,- - -,25
16953,2025,Chadwick Tromp,- - -,30
29617,2025,Henry Davis,PIT,25
18353,2025,Daz Cameron,MIL,28
22411,2025,Cal Stevenson,PHI,28
19779,2025,Dairon Blanco,KCR,32
31793,2025,Rhylan Thomas,SEA,25
5273,2025,Sandy Leon,ATL,36
27599,2025,Jacob Hurtubise,CIN,27
27497,2025,Tyler Callihan,CIN,25
30163,2025,Cesar Prieto,STL,26
27501,2025,Justin Foscue,TEX,26
25660,2025,Will Brennan,CLE,27
12155,2025,Eddie Rosario,- - -,33
19314,2025,Donovan Walton,PHI,31
22274,2025,Samad Taylor,SEA,26
12147,2025,Nick Ahmed,TEX,35
16417,2025,Sergio Alcantara,SFG,28
16925,2025,Aramis Garcia,ARI,32
23788,2025,Jordyn Adams,BAL,25
25814,2025,C.J. Stubbs,WSN,28
27763,2025,Drew Romo,COL,23
28344,2025,Tsung-Che Cheng,PIT,23
31792,2025,Otto Kemp,PHI,25
31394,2025,Brooks Baldwin,CHW,24
26467,2025,Luis Matos,SFG,23
28022,2025,Edgar Quero,CHW,22
5827,2025,Wilmer Flores,SFG,33
22263,2025,Nolan Gorman,STL,25
33644,2025,Kristian Campbell,BOS,23
19960,2025,Taylor Trammell,HOU,27
29830,2025,Jack Winkler,MIA,26
18363,2025,Victor Robles,SEA,28
22209,2025,Sam Huff,SFG,27
10231,2025,Jose Iglesias,SDP,35
19458,2025,Cooper Hummel,- - -,30
19252,2025,Cavan Biggio,KCR,30
23917,2025,Jorbit Vivas,NYY,24
23802,2025,Anthony Seigler,MIL,26
19958,2025,Carter Kieboom,LAA,27
15654,2025,Billy McKinney,TEX,30
27573,2025,Gage Workman,- - -,25
33390,2025,Bryce Eldridge,SFG,20
23378,2025,Jose Barrero,STL,27
23442,2025,Luis Vazquez,BAL,25
21735,2025,Sebastian Rivero,LAA,26
19262,2025,Garrett Hampson,- - -,30
25805,2025,Blake Sabol,BOS,27
21535,2025,Connor Kaiser,ARI,28
23818,2025,Ji Hwan Bae,PIT,25
22165,2025,Ryan Vilade,- - -,26
22566,2025,Tirso Ornelas,SDP,25
10441,2025,Jon Singleton,HOU,33
16219,2025,J.D. Davis,LAA,32
23790,2025,Will Banfield,CIN,25
25980,2025,Matthew Lugo,LAA,24
19566,2025,Nathaniel Lowe,- - -,29
15711,2025,Tyler O'Neill,BAL,30
14221,2025,Jorge Soler,LAA,33
21523,2025,Jonathan India,KCR,28
16426,2025,Thairo Estrada,COL,29
31680,2025,Cole Young,SEA,21
25855,2025,Matt Gorski,PIT,27
29634,2025,Will Wagner,- - -,26
5235,2025,Justin Turner,CHC,40
25629,2025,Cody Freeman,TEX,24
7739,2025,Travis d'Arnaud,LAA,36
26599,2025,Jonatan Clase,TOR,23
19997,2025,Santiago Espinal,CIN,30
19890,2025,Emmanuel Rivera,BAL,29
29993,2025,Brady House,WSN,22
30038,2025,Carson Williams,TBR,22
12180,2025,Jorge Alfaro,WSN,32
15730,2025,Tyler Wade,SDP,30
28824,2025,Samuel Basallo,BAL,20
17040,2025,Jose Herrera,ARI,28
17907,2025,Brendan Rodgers,HOU,28
30028,2025,Bob Seymour,TBR,26
12158,2025,Austin Barnes,LAD,35
29766,2025,Zack Gelof,ATH,25
20970,2025,Oscar Gonzalez,SDP,27
12434,2025,Kevin Pillar,TEX,36
26295,2025,Oliver Dunn,MIL,27
27770,2025,Zac Veen,COL,23
31661,2025,Jacob Melton,HOU,24
25524,2025,Aaron Schunk,COL,27
17975,2025,Scott Kingery,LAA,31
20557,2025,C.J. Alexander,ATH,28
27789,2025,Shay Whitcomb,HOU,26
31437,2025,Jace Jung,DET,24
23782,2025,Leo Jimenez,TOR,24
26148,2025,Tristin English,ARI,28
25183,2025,Drew Avans,- - -,29
19339,2025,Nicky Lopez,- - -,30
16623,2025,Greg Allen,BAL,32
26536,2025,Warming Bernabel,COL,23
23395,2025,Eric Wagaman,MIA,27
10243,2025,Randal Grichuk,- - -,33
18373,2025,Ryan Mountcastle,BAL,28
19358,2025,Weston Wilson,PHI,30
29779,2025,Max Muncy,ATH,22
27845,2025,Matt Mervis,MIA,27
22530,2025,Johnathan Rodriguez,CLE,25
20126,2025,Dylan Carlson,BAL,26
10681,2025,Gio Urshela,ATH,33
20529,2025,Nolan Jones,CLE,27
27684,2025,Michael Massey,KCR,27
18171,2025,Seth Brown,ATH,32
13757,2025,Chris Taylor,- - -,34
25434,2025,Will Wilson,CLE,26
21797,2025,Andres Chaparro,WSN,26
12037,2025,Jon Berti,CHC,35
23372,2025,Hunter Feduccia,- - -,28
16357,2025,Pablo Reyes,NYY,31
19600,2025,Bryan De La Cruz,ATL,28
23312,2025,Ryan Noda,- - -,29
15941,2025,Austin Nola,COL,35
20538,2025,Jose Miranda,MIN,27
20056,2025,Alan Trejo,COL,29
31354,2025,Jimmy Crooks,STL,23
23968,2025,Jorge Barrosa,ARI,24
33098,2025,Carson McCusker,MIN,27
25688,2025,Cam Devanney,PIT,28
25690,2025,Grant McCray,SFG,24
19198,2025,Yuli Gurriel,SDP,41
29782,2025,Niko Kavadas,LAA,26
29614,2025,Chad Stevens,LAA,26
25867,2025,Ryan Kreidler,DET,27
17452,2025,Jose Siri,NYM,29
22217,2025,Luis Campusano,SDP,26
19294,2025,Nick Solak,PIT,30
30063,2025,Tristan Peters,TBR,25
22842,2025,Alexander Canario,PIT,25
16930,2025,Jonah Heim,TEX,30
29704,2025,Braxton Fulford,COL,26
12005,2025,Nick Martini,COL,35
27482,2025,Robert Hassell III,WSN,23
28816,2025,Denzer Guzman,LAA,21
29976,2025,Jordan Lawlar,ARI,22
24770,2025,James Outman,- - -,28
22244,2025,Jack Suwinski,PIT,26
22558,2025,Jarred Kelenic,ATL,25
31522,2025,Tim Elko,CHW,26
16939,2025,Lane Thomas,CLE,29
4940,2025,Jason Heyward,SDP,35
17273,2025,Jorge Mateo,BAL,30
23695,2025,Everson Pereira,TBR,24
19384,2025,Trenton Brooks,SDP,29
20287,2025,Ben Rortvedt,- - -,27
27493,2025,Rece Hinds,CIN,24
15429,2025,Kris Bryant,COL,33
19931,2025,Luke Williams,ATL,28
22505,2025,Buddy Kennedy,- - -,26
11737,2025,Nick Castellanos,PHI,33
16376,2025,Michael Conforto,LAD,32
30011,2025,Christian Encarnacion-Strand,CIN,25
20505,2025,Drew Waters,KCR,26
24934,2025,David Fry,CLE,29
22514,2025,Triston Casas,BOS,25
25346,2025,Ronny Simon,- - -,25
19864,2025,Riley Adams,WSN,29
25844,2025,Logan Davidson,- - -,27
25332,2025,Endy Rodriguez,PIT,25
22197,2025,MJ Melendez,KCR,26
26106,2025,Maverick Handley,BAL,27
22532,2025,Tyler Freeman,COL,26
19844,2025,Abraham Toro,BOS,28
19818,2025,Joshua Palacios,CHW,29
11445,2025,Mark Canha,KCR,36
31396,2025,Tyler Locklear,ARI,24
19896,2025,Connor Wong,BOS,29
21270,2025,Sean Bouchard,COL,29
24759,2025,Mickey Gasper,MIN,29
17696,2025,Kevin Newman,LAA,31
24703,2025,Jonah Bride,- - -,29
13621,2025,Jeimer Candelario,CIN,31
27534,2025,Edouard Julien,MIN,26
24729,2025,Logan O'Hoppe,LAA,25
11899,2025,Joc Pederson,TEX,33
28552,2025,Yanquiel Fernandez,COL,22
6887,2025,Martin Maldonado,SDP,38
18900,2025,Leody Taveras,- - -,26
16572,2025,Connor Joe,- - -,32
22823,2025,Oswald Peraza,- - -,25
25467,2025,Will Robertson,- - -,27
23296,2025,Jacob Amaya,CHW,26
17027,2025,Alex Verdugo,ATL,29
14551,2025,Anthony Santander,TOR,30
29575,2025,Trey Sweeney,DET,25
13185,2025,Orlando Arcia,- - -,30
27962,2025,Adael Amador,COL,22
15464,2025,Hunter Renfroe,KCR,33
25040,2025,Vinny Capra,- - -,28
24496,2025,DaShawn Keirsey Jr.,MIN,28
14813,2025,Kyle Farmer,COL,34
19610,2025,Keibert Ruiz,WSN,26
31166,2025,Heston Kjerstad,BAL,26
24257,2025,Jhonkensy Noel,CLE,23
27475,2025,Jordan Walker,STL,23
19734,2025,Josh Rojas,CHW,31
13723,2025,Jacob Stallings,- - -,35
35041,2025,Jac Caglianone,KCR,22
18126,2025,LaMonte Wade Jr.,- - -,31
25845,2025,Michael Toglia,COL,26
15640,2024,Aaron Judge,NYY,32
25764,2024,Bobby Witt Jr.,KCR,24
19755,2024,Shohei Ohtani,LAD,29
20123,2024,Juan Soto,NYY,25
26289,2024,Gunnar Henderson,BAL,23
12916,2024,Francisco Lindor,NYM,30
24617,2024,Jarren Duran,BOS,27
13510,2024,Jose Ramirez,CLE,31
26668,2024,Elly De La Cruz,CIN,22
13613,2024,Ketel Marte,ARI,30
20503,2024,William Contreras,MIL,26
16505,2024,Matt Chapman,SFG,31
21534,2024,Cal Raleigh,SEA,27
19611,2024,Vladimir Guerrero Jr.,TOR,25
29490,2024,Jackson Merrill,SDP,21
19556,2024,Yordan Alvarez,HOU,27
19627,2024,Brent Rooker,OAK,29
11579,2024,Bryce Harper,PHI,31
15986,2024,Willy Adames,MIL,28
10324,2024,Marcell Ozuna,ATL,33
13624,2024,Corey Seager,TEX,30
13611,2024,Mookie Betts,LAD,31
10815,2024,Jurickson Profar,SDP,31
25878,2024,Corbin Carroll,ARI,23
12533,2024,Marcus Semien,TEX,33
27478,2024,Patrick Bailey,SFG,25
18345,2024,Kyle Tucker,HOU,27
14162,2024,Carlos Correa,MIN,29
17350,2024,Rafael Devers,BOS,27
24610,2024,Steven Kwan,CLE,26
17678,2024,Alex Bregman,HOU,30
18314,2024,Dansby Swanson,CHC,30
5361,2024,Freddie Freeman,LAD,34
20454,2024,Jazz Chisholm Jr.,- - -,26
23697,2024,Julio Rodriguez,SEA,23
25976,2024,Riley Greene,DET,23
16252,2024,Trea Turner,PHI,31
28806,2024,Jackson Chourio,MIL,20
5417,2024,Jose Altuve,HOU,34
21479,2024,Nico Hoerner,CHC,27
12552,2024,Eugenio Suarez,ARI,32
29591,2024,Colton Cowser,BAL,24
14161,2024,Byron Buxton,MIN,30
24064,2024,Ezequiel Tovar,COL,22
17919,2024,Ian Happ,CHC,29
21711,2024,Oneil Cruz,PIT,25
25479,2024,Brenton Doyle,COL,26
27479,2024,Masyn Winn,STL,22
30116,2024,Seiya Suzuki,CHC,29
11493,2024,Manny Machado,SDP,31
31347,2024,Zach Neto,LAA,23
27562,2024,Austin Wells,NYY,24
27647,2024,Anthony Volpe,NYY,23
13066,2024,Teoscar Hernandez,LAD,31
21618,2024,Alec Bohm,PHI,27
20036,2024,Isaac Paredes,- - -,25
16478,2024,Kyle Schwarber,PHI,31
19709,2024,Fernando Tatis Jr.,SDP,25
7304,2024,Salvador Perez,KCR,34
14551,2024,Anthony Santander,BAL,29
26368,2024,JJ Bleday,OAK,26
24679,2024,Brendan Donovan,STL,27
25493,2024,Joey Ortiz,MIL,25
9777,2024,Nolan Arenado,STL,33
18363,2024,Victor Robles,- - -,27
22542,2024,Lawrence Butler,OAK,23
13419,2024,Christian Walker,ARI,33
17988,2024,Tyler Stephenson,CIN,27
23772,2024,Wilyer Abreu,BOS,25
33333,2024,Wyatt Langford,TEX,22
19918,2024,Daulton Varsho,TOR,27
11477,2024,Christian Yelich,MIL,32
11899,2024,Joc Pederson,ARI,32
26208,2024,Tyler Fitzgerald,SFG,26
23003,2024,Yainer Diaz,HOU,25
20391,2024,Luis Garcia Jr.,WSN,24
21622,2024,Jake McCarthy,ARI,26
22184,2024,Mark Vientos,NYM,24
19566,2024,Nathaniel Lowe,TEX,28
21523,2024,Jonathan India,CIN,27
2396,2024,Carlos Santana,MIN,38
26396,2024,Josh Smith,TEX,26
17338,2024,Willi Castro,MIN,27
7802,2024,Miguel Rojas,LAD,35
17548,2024,Taylor Ward,LAA,30
12927,2024,Brandon Nimmo,NYM,31
22581,2024,Alejandro Kirk,TOR,25
19950,2024,Andres Gimenez,CLE,25
11609,2024,Willson Contreras,STL,32
27815,2024,Jordan Westburg,BAL,25
26288,2024,Adley Rutschman,BAL,26
21636,2024,Jeremy Pena,HOU,26
29931,2024,Jacob Young,WSN,24
15711,2024,Tyler O'Neill,BOS,29
14344,2024,Matt Olson,ATL,30
19197,2024,Will Smith,LAD,29
27506,2024,Ha-seong Kim,SDP,28
27769,2024,Pete Crow-Armstrong,CHC,22
22186,2024,Brice Turang,MIL,24
10231,2024,Jose Iglesias,NYM,34
22664,2024,Gabriel Moreno,ARI,24
19608,2024,Otto Lopez,MIA,25
25961,2024,Kerry Carpenter,DET,26
18360,2024,Austin Riley,ATL,27
18042,2024,Dylan Moore,SEA,31
13301,2024,Max Muncy,LAD,33
22515,2024,Heliot Ramos,SFG,24
19354,2024,Luke Raley,SEA,29
18839,2024,Josh Naylor,CLE,27
20202,2024,Brandon Marsh,PHI,26
21558,2024,Matt Vierling,DET,27
22266,2024,Xavier Edwards,MIA,24
19326,2024,Bryan Reynolds,PIT,29
18882,2024,Brandon Lowe,TBR,29
26319,2024,Michael Busch,CHC,26
23800,2024,Parker Meadows,DET,24
19452,2024,Jake Rogers,DET,29
20599,2024,Ivan Herrera,STL,24
19251,2024,Pete Alonso,NYM,29
19238,2024,Lourdes Gurriel Jr.,ARI,30
15998,2024,Cody Bellinger,CHC,28
18036,2024,Jake Cronenworth,SDP,30
24729,2024,Logan O'Hoppe,LAA,24
17929,2024,Cedric Mullins,BAL,29
20352,2024,Ernie Clement,TOR,28
16512,2024,Isiah Kiner-Falefa,- - -,29
26466,2024,Matt Wallner,MIN,26
11739,2024,J.T. Realmuto,PHI,33
25816,2024,Shea Langeliers,OAK,26
25931,2024,Michael Harris II,ATL,23
19290,2024,Randy Arozarena,- - -,29
22799,2024,Geraldo Perdomo,ARI,24
12161,2024,Xander Bogaerts,SDP,31
27555,2024,Garrett Mitchell,MIL,25
26477,2024,Spencer Horwitz,TOR,26
16578,2024,Yandy Diaz,TBR,32
25768,2024,CJ Abrams,WSN,23
14968,2024,Victor Caratini,HOU,30
17022,2024,Edmundo Sosa,PHI,28
15112,2024,Ryan McMahon,COL,29
26121,2024,Francisco Alvarez,NYM,22
21840,2024,Freddy Fermin,KCR,29
20308,2024,Jake Meyers,HOU,28
19734,2024,Josh Rojas,SEA,30
23401,2024,Jose Caballero,TBR,27
7739,2024,Travis d'Arnaud,ATL,35
16997,2024,Gleyber Torres,NYY,27
18015,2024,Paul DeJong,- - -,30
13620,2024,Carson Kelly,- - -,29
26294,2024,Bryson Stott,PHI,26
17452,2024,Jose Siri,TBR,28
24934,2024,David Fry,CLE,28
21454,2024,Lars Nootbaar,STL,26
14854,2024,Mike Yastrzemski,SFG,33
27899,2024,Colt Keith,DET,22
16725,2024,Jose Trevino,NYY,31
10243,2024,Randal Grichuk,ARI,32
16442,2024,Ryan O'Hearn,BAL,30
5517,2024,Kyle Higashioka,SDP,34
24618,2024,Ryan Jeffers,MIN,27
19913,2024,Jesus Sanchez,MIA,26
26323,2024,Spencer Steer,CIN,26
27531,2024,David Hamilton,BOS,26
19921,2024,Blake Perkins,MIL,27
15491,2024,J.P. Crawford,SEA,29
21865,2024,Bo Naylor,CLE,24
19858,2024,Luis Rengifo,LAA,27
27676,2024,Vinnie Pasquantino,KCR,26
27684,2024,Michael Massey,KCR,26
29622,2024,Sal Frelick,MIL,24
21614,2024,Kyle Isbel,KCR,27
13770,2024,Rob Refsnyder,BOS,33
21501,2024,Trevor Larnach,MIN,27
13590,2024,Jesse Winker,- - -,30
22275,2024,Jake Burger,MIA,28
18373,2024,Ryan Mountcastle,BAL,27
16939,2024,Lane Thomas,- - -,28
11368,2024,Yasmani Grandal,PIT,35
19955,2024,Gavin Lux,LAD,26
17696,2024,Kevin Newman,ARI,30
29766,2024,Zack Gelof,OAK,24
20287,2024,Ben Rortvedt,TBR,26
21524,2024,Joey Bart,PIT,27
29518,2024,James Wood,WSN,21
18126,2024,LaMonte Wade Jr.,SFG,30
16376,2024,Michael Conforto,SFG,31
24816,2024,Andy Pages,LAD,23
27490,2024,Nick Gonzales,PIT,25
16556,2024,Ozzie Albies,ATL,27
15362,2024,Jeff McNeil,NYM,32
24589,2024,Richie Palacios,TBR,27
24488,2024,Max Schuemann,OAK,27
19296,2024,Alex Call,WSN,29
5235,2024,Justin Turner,- - -,39
9218,2024,Paul Goldschmidt,STL,36
18030,2024,Harrison Bader,NYM,30
18900,2024,Leody Taveras,TEX,25
22715,2024,Maikel Garcia,KCR,24
24703,2024,Jonah Bride,MIA,28
14221,2024,Jorge Soler,- - -,32
19896,2024,Connor Wong,BOS,28
20437,2024,Royce Lewis,MIN,25
18568,2024,Luis Arraez,- - -,27
12856,2024,George Springer,TOR,34
16530,2024,Mauricio Dubon,HOU,29
23690,2024,Brayan Rocchio,CLE,23
24336,2024,Johan Rojas,PHI,23
22557,2024,Michael Siani,STL,24
20538,2024,Jose Miranda,MIN,26
15274,2024,Mike Tauchman,CHC,33
19260,2024,Jake Fraley,CIN,29
13675,2024,Tyrone Taylor,NYM,30
19953,2024,Josh Lowe,TBR,26
22857,2024,Wenceel Perez,DET,24
24262,2024,Ceddanne Rafaela,BOS,23
21707,2024,Oswaldo Cabrera,NYY,25
19392,2024,Zach McKinstry,DET,29
19892,2024,Pavin Smith,ARI,28
10155,2024,Mike Trout,LAA,32
13723,2024,Jacob Stallings,COL,34
31837,2024,Masataka Yoshida,BOS,30
17128,2024,Ramon Laureano,- - -,29
18795,2024,Ramon Urias,BAL,30
18401,2024,Ronald Acuna Jr.,ATL,26
12144,2024,Max Kepler,MIN,31
19339,2024,Nicky Lopez,CHW,29
4949,2024,Giancarlo Stanton,NYY,34
8623,2024,Donovan Solano,SDP,36
17907,2024,Brendan Rodgers,COL,27
19470,2024,Tommy Edman,LAD,29
4940,2024,Jason Heyward,- - -,34
11445,2024,Mark Canha,- - -,35
17273,2024,Jorge Mateo,BAL,29
15905,2024,Luis Torrens,NYM,28
19352,2024,Sean Murphy,ATL,29
13185,2024,Orlando Arcia,ATL,29
26365,2024,Jonny DeLuca,TBR,25
27493,2024,Rece Hinds,CIN,23
26548,2024,Luisangel Acuna,NYM,22
29554,2024,Adrian Del Castillo,ARI,24
18123,2024,Nathan Lukes,TOR,29
17954,2024,Sam Hilliard,COL,30
22054,2024,Dane Myers,MIA,28
27615,2024,Alec Burleson,STL,25
12564,2024,Trevor Story,BOS,31
28163,2024,Junior Caminero,TBR,20
33189,2024,Nolan Schanuel,LAA,22
12434,2024,Kevin Pillar,- - -,35
18819,2024,Andy Ibanez,DET,31
10681,2024,Gio Urshela,- - -,32
19844,2024,Abraham Toro,OAK,27
9774,2024,Christian Vazquez,MIN,33
21646,2024,Rafael Marchan,PHI,25
22514,2024,Triston Casas,BOS,24
29634,2024,Will Wagner,TOR,25
24257,2024,Jhonkensy Noel,CLE,22
6184,2024,J.D. Martinez,NYM,36
9241,2024,Starling Marte,NYM,35
16535,2024,Danny Jansen,- - -,29
20043,2024,Luis Robert Jr.,CHW,26
10472,2024,Enrique Hernandez,LAD,32
17027,2024,Alex Verdugo,NYY,28
21693,2024,Miguel Amaya,CHC,25
27735,2024,Brett Wisely,SFG,25
21538,2024,Nick Fortes,MIA,27
2136,2024,David Peralta,SDP,36
9847,2024,Andrew McCutchen,PIT,37
19779,2024,Dairon Blanco,KCR,31
25660,2024,Will Brennan,CLE,26
11680,2024,Elias Diaz,- - -,33
16572,2024,Connor Joe,PIT,31
23782,2024,Leo Jimenez,TOR,23
22558,2024,Jarred Kelenic,ATL,24
18564,2024,Trent Grisham,NYY,27
25782,2024,Pedro Pages,STL,25
14813,2024,Kyle Farmer,MIN,33
33541,2024,Dylan Crews,WSN,22
12158,2024,Austin Barnes,LAD,34
26123,2024,Brett Baty,NYM,24
11281,2024,Whit Merrifield,- - -,35
19262,2024,Garrett Hampson,KCR,29
12147,2024,Nick Ahmed,- - -,34
15271,2024,Austin Wynns,CIN,33
19964,2024,Eguy Rosario,SDP,24
21587,2024,Cesar Salazar,HOU,28
21626,2024,Griffin Conine,MIA,26
25845,2024,Michael Toglia,COL,25
18400,2024,Juan Yepez,WSN,26
27577,2024,Casey Schmitt,SFG,25
21837,2024,Jonathan Aranda,TBR,26
11442,2024,Gary Sanchez,MIL,31
15878,2024,Miguel Andujar,OAK,29
29547,2024,Ryan Bliss,SEA,24
29575,2024,Trey Sweeney,DET,24
25979,2024,Nasim Nunez,WSN,23
22532,2024,Tyler Freeman,CLE,25
23565,2024,Davis Schneider,TOR,25
25807,2024,Jared Triolo,PIT,26
16426,2024,Thairo Estrada,SFG,28
22766,2024,Steward Berroa,TOR,25
11489,2024,Michael A. Taylor,PIT,33
12976,2024,Austin Hedges,CLE,31
19273,2024,Stone Garrett,WSN,28
19358,2024,Weston Wilson,PHI,29
19346,2024,Eli White,ATL,30
17232,2024,Yoan Moncada,CHW,29
25425,2024,Austin Shenton,TBR,26
31166,2024,Heston Kjerstad,BAL,25
27467,2024,Tyler Soderstrom,OAK,22
14593,2024,David Bote,CHC,31
26299,2024,Josh Jung,TEX,26
19522,2024,TJ Friedl,CIN,28
20054,2024,Bligh Madris,DET,28
19788,2024,Zach Remillard,CHW,30
29573,2024,Billy Cook,PIT,25
25180,2024,Daniel Schneemann,CLE,27
22263,2024,Nolan Gorman,STL,24
12037,2024,Jon Berti,NYY,34
19890,2024,Emmanuel Rivera,- - -,28
20321,2024,Stuart Fairchild,CIN,28
13152,2024,Jorge Polanco,SEA,30
25483,2024,Nick Sogard,BOS,26
16953,2024,Chadwick Tromp,ATL,29
25643,2024,Drew Millas,WSN,26
19612,2024,Bo Bichette,TOR,26
18067,2024,Garrett Stubbs,PHI,31
25705,2024,Dustin Harris,TEX,24
29912,2024,Darren Baker,WSN,25
14111,2024,Eric Haase,MIL,31
22842,2024,Alexander Canario,CHC,24
25805,2024,Blake Sabol,SFG,26
11737,2024,Nick Castellanos,PHI,32
21562,2024,Romy Gonzalez,BOS,27
16472,2024,Rhys Hoskins,MIL,31
19363,2024,Austin Hays,- - -,28
16622,2024,Luis Urias,SEA,27
15653,2024,Dominic Smith,- - -,29
25575,2024,Kyle McCann,OAK,26
16947,2024,Derek Hill,- - -,28
22505,2024,Buddy Kennedy,- - -,25
15518,2024,Amed Rosario,- - -,28
12859,2024,James McCann,BAL,34
17040,2024,Jose Herrera,ARI,27
23733,2024,Ezequiel Duran,TEX,25
10028,2024,Christian Bethancourt,- - -,32
15674,2024,Reese McGuire,BOS,29
11038,2024,Kevin Kiermaier,- - -,34
22232,2024,Mason McCoy,SDP,29
20157,2024,Matthew Batten,SDP,29
25448,2024,Greg Jones,COL,26
19906,2024,Diego Castillo,MIN,26
19813,2024,Charles Leblanc,LAA,28
24605,2024,Michael Helman,MIN,28
13836,2024,Matt Duffy,TEX,33
22823,2024,Oswald Peraza,NYY,24
23372,2024,Hunter Feduccia,LAD,27
19806,2024,Jason Delay,PIT,29
29592,2024,Connor Norby,- - -,24
22411,2024,Cal Stevenson,PHI,27
20572,2024,Kody Clemens,PHI,28
21797,2024,Andres Chaparro,WSN,25
15464,2024,Hunter Renfroe,KCR,32
18872,2024,Jahmai Jones,NYY,26
22471,2024,Livan Soto,- - -,24
20220,2024,Jo Adell,LAA,25
19818,2024,Joshua Palacios,PIT,28
27465,2024,Spencer Torkelson,DET,24
31437,2024,Jace Jung,DET,23
15194,2024,Jake Bauers,MIL,28
26438,2024,Dominic Canzone,SEA,26
19956,2024,Mickey Moniak,LAA,26
22896,2024,Lenyn Sosa,CHW,24
33824,2024,Jung Hoo Lee,SFG,25
13744,2024,David Dahl,PHI,30
27790,2024,Evan Carter,TEX,21
26599,2024,Jonatan Clase,- - -,22
19151,2024,Estevan Florial,CLE,26
19252,2024,Cavan Biggio,- - -,29
29630,2024,Joey Loperfido,- - -,25
21009,2024,Leo Rivas,SEA,26
23788,2024,Jordyn Adams,LAA,24
26295,2024,Oliver Dunn,MIL,26
8418,2024,Ehire Adrianza,LAA,34
16451,2024,Luis Guillorme,- - -,29
18577,2024,Ke'Bryan Hayes,PIT,27
31394,2024,Brooks Baldwin,CHW,23
5343,2024,Brandon Crawford,STL,37
13755,2024,Tomas Nido,- - -,30
25475,2024,Logan Driscoll,TBR,26
13897,2024,Tyler Heineman,- - -,33
22274,2024,Samad Taylor,SEA,25
7859,2024,Charlie Blackmon,COL,37
19859,2024,Rene Pinto,TBR,27
12160,2024,Ben Gamel,- - -,32
29794,2024,Kyle Manzardo,CLE,23
17838,2024,Willie Calhoun,LAA,29
23395,2024,Eric Wagaman,LAA,26
23691,2024,Jose Tena,- - -,23
19997,2024,Santiago Espinal,CIN,29
30162,2024,Oscar Colas,CHW,25
19198,2024,Yuli Gurriel,KCR,40
26540,2024,Angel Martinez,CLE,22
5760,2024,Avisail Garcia,MIA,33
33266,2024,Jacob Wilson,OAK,22
17837,2024,Jakson Reetz,SFG,28
27471,2024,Zach DeLoach,CHW,25
27534,2024,Edouard Julien,MIN,25
13324,2024,Ildemaro Vargas,WSN,32
24496,2024,DaShawn Keirsey Jr.,MIN,27
25524,2024,Aaron Schunk,COL,26
25505,2024,Cade Marlowe,SEA,27
21496,2024,Brandon Lockridge,SDP,27
20505,2024,Drew Waters,KCR,25
31781,2024,Jackson Holliday,BAL,20
19722,2024,Carlos Narvaez,NYY,25
27883,2024,Thomas Saggese,STL,22
19948,2024,Cristian Pache,- - -,25
29487,2024,Blake Dunn,CIN,25
27599,2024,Jacob Hurtubise,CIN,26
15654,2024,Billy McKinney,PIT,29
20002,2024,Bryce Johnson,SDP,28
18821,2024,Jose Azocar,SDP,28
17620,2024,Myles Straw,CLE,29
20540,2024,Jose Devers,MIA,24
24451,2024,J.P. Martinez,ATL,28
18887,2024,Seby Zavala,SEA,30
19802,2024,Jhonny Pereda,MIA,28
17992,2024,David Fletcher,ATL,30
23968,2024,Jorge Barrosa,ARI,23
22209,2024,Sam Huff,TEX,26
16959,2024,Eddy Alvarez,NYM,34
12056,2024,Scott McGough,ARI,34
15689,2024,Luis Castillo,SEA,31
19643,2024,Daniel Johnson,BAL,28
23250,2024,David Banuelos,BAL,27
23557,2024,Chris Roller,MIL,27
27698,2024,Eric Yang,CIN,26
19928,2024,Ryan McKenna,- - -,27
24782,2024,David Villar,SFG,27
13145,2024,Josh Bell,- - -,31
10441,2024,Jon Singleton,HOU,32
21871,2024,Jerar Encarnacion,SFG,26
26197,2024,Andrew Vaughn,CHW,26
21497,2024,Luken Baker,STL,27
17901,2024,Andrew Benintendi,CHW,29
19287,2024,Adolis Garcia,TEX,31
2967,2024,Tommy Pham,- - -,36
25967,2024,Orelvis Martinez,TOR,22
23789,2024,Blaze Alexander,ARI,25
27504,2024,Nick Yorke,PIT,22
18607,2024,Jared Walsh,TEX,30
19318,2024,Matt Thaiss,LAA,29
22707,2024,Gustavo Campero,LAA,26
28080,2024,Jasson Dominguez,NYY,21
18217,2024,Brett Sullivan,SDP,30
12164,2024,Miguel Sano,LAA,31
16930,2024,Jonah Heim,TEX,29
15504,2024,Jamie Westbrook,BOS,29
12861,2024,Anthony Rendon,LAA,34
29949,2024,Tyler Black,MIL,23
18889,2024,Danny Mendick,CHW,30
24597,2024,Jonathan Ornelas,TEX,24
27464,2024,Dillon Dingler,DET,25
19983,2024,Conner Capel,CIN,27
24273,2024,Liover Peguero,PIT,23
21682,2024,Luis De Los Santos,TOR,26
17276,2024,Alex Jackson,TBR,28
27543,2024,Duke Ellis,- - -,26
19960,2024,Taylor Trammell,- - -,26
14942,2024,Andrew Knapp,SFG,32
25040,2024,Vinny Capra,MIL,27
18316,2024,Edwin Rios,CIN,30
22261,2024,Bubba Thompson,CIN,26
10323,2024,Rafael Ortega,CHW,33
23442,2024,Luis Vazquez,CHC,24
10655,2024,Rob Brantly,TBR,34
25971,2024,Kevin Alcantara,CHC,21
21730,2024,Jair Camargo,MIN,24
22045,2024,Grant Koch,PIT,27
14894,2024,Tony Kemp,BAL,32
16925,2024,Aramis Garcia,PHI,31
18289,2024,Brian Anderson,ATL,31
19910,2024,Sandro Fabian,TEX,26
21635,2024,Nick Maton,BAL,27
27784,2024,Tyler Gentry,KCR,25
8090,2024,Matt Carpenter,STL,38
22197,2024,MJ Melendez,KCR,25
27462,2024,Austin Martin,MIN,25
21780,2024,Esteury Ruiz,OAK,25
31562,2024,Zach Dezenzo,HOU,24
3473,2024,Anthony Rizzo,NYY,34
13602,2024,Patrick Wisdom,CHC,32
14712,2024,Manuel Margot,MIN,29
17766,2024,D.J. Stewart,NYM,30
29782,2024,Niko Kavadas,LAA,25
14128,2024,Joey Gallo,WSN,30
22563,2024,Gabriel Arias,CLE,24
23792,2024,Alek Thomas,ARI,24
21078,2024,Trey Cabbage,HOU,27
16153,2024,Austin Slater,- - -,31
25111,2024,David Hensley,MIA,28
19599,2024,Chas McCormick,HOU,29
19455,2024,Andruw Monasterio,MIL,27
16496,2024,Forrest Wall,- - -,28
31396,2024,Tyler Locklear,SEA,23
28253,2024,Javier Sanoja,MIA,21
19931,2024,Luke Williams,ATL,27
22458,2024,Taylor Walls,TBR,27
27630,2024,Nick Loftin,KCR,25
16686,2024,Jason Vosler,SEA,30
19314,2024,Donovan Walton,SFG,30
13768,2024,Travis Jankowski,TEX,33
13853,2024,Joey Wendle,NYM,34
22530,2024,Johnathan Rodriguez,CLE,24
19422,2024,Brian Serven,TOR,29
24655,2024,Owen Miller,MIL,27
18551,2024,Ali Sanchez,MIA,27
19384,2024,Trenton Brooks,SFG,28
19877,2024,Tristan Gray,- - -,28
25477,2024,Isaac Collins,MIL,26
25138,2024,Levi Jordan,CIN,28
18054,2024,Sam Haggerty,SEA,30
26374,2024,Kameron Misner,TBR,26
19458,2024,Cooper Hummel,HOU,29
20450,2024,Brewer Hicklen,MIL,28
13621,2024,Jeimer Candelario,CIN,30
14477,2024,Jake Cave,COL,31
18171,2024,Seth Brown,OAK,31
20325,2024,Alex Kirilloff,MIN,26
13663,2024,Jack Lopez,LAA,31
19864,2024,Riley Adams,WSN,28
20536,2024,Vidal Brujan,MIA,26
19610,2024,Keibert Ruiz,WSN,25
25690,2024,Grant McCray,SFG,23
29576,2024,Ben Rice,NYY,25
24598,2024,Addison Barger,TOR,24
31595,2024,Brooks Lee,MIN,23
14130,2024,Daniel Vogelbach,TOR,31
23986,2024,Curtis Mead,TBR,23
17326,2024,Cole Tucker,LAA,27
19292,2024,Armando Alvarez,OAK,29
27604,2024,Alika Williams,PIT,25
29788,2024,Brett Harris,OAK,26
15730,2024,Tyler Wade,SDP,29
24770,2024,James Outman,LAD,27
22168,2024,Akil Baddoo,DET,25
22165,2024,Ryan Vilade,DET,25
31363,2024,Graham Pauley,SDP,23
23296,2024,Jacob Amaya,- - -,25
26469,2024,Davis Wendzel,TEX,27
27690,2024,Joey Wiemer,- - -,25
20557,2024,C.J. Alexander,KCR,27
24759,2024,Mickey Gasper,BOS,28
29524,2024,Bryce Teodosio,LAA,25
15679,2024,Rowdy Tellez,PIT,29
16219,2024,J.D. Davis,- - -,31
15161,2024,Mitch Garver,SEA,33
17893,2024,Tyler Nevin,OAK,27
27789,2024,Shay Whitcomb,HOU,25
25543,2024,Korey Lee,CHW,25
18353,2024,Daz Cameron,OAK,27
25621,2024,Bryan Ramos,CHW,22
15279,2024,Garrett Cooper,- - -,33
25353,2024,Michael Stefanic,LAA,28
12510,2024,Curt Casali,SFG,35
31349,2024,Victor Scott II,STL,23
10200,2024,Tucker Barnhart,ARI,33
20017,2024,Miles Mastrobuoni,CHC,28
19562,2024,Zack Short,- - -,29
27763,2024,Drew Romo,COL,22
27962,2024,Adael Amador,COL,21
27845,2024,Matt Mervis,CHC,26
12325,2024,Jace Peterson,ARI,34
25813,2024,Grae Kessinger,HOU,26
29606,2024,Justyn-Henry Malloy,DET,24
22217,2024,Luis Campusano,SDP,25
12005,2024,Nick Martini,CIN,34
23359,2024,Nelson Velazquez,KCR,25
14274,2024,Mitch Haniger,SEA,33
5254,2024,Robbie Grossman,- - -,34
19293,2024,Nick Senzel,- - -,29
21270,2024,Sean Bouchard,COL,28
15223,2024,Adam Frazier,KCR,32
9874,2024,DJ LeMahieu,NYY,35
26224,2024,Darell Hernaiz,OAK,22
13499,2024,Tom Murphy,SFG,33
26420,2024,Kyren Paris,LAA,22
5297,2024,Aaron Hicks,LAA,34
25867,2024,Ryan Kreidler,DET,26
19824,2024,Chuckie Robinson,CHW,29
18395,2024,Travis Blankenhorn,WSN,27
20003,2024,Keston Hiura,LAA,27
31765,2024,Nacho Alvarez Jr.,ATL,21
27781,2024,Pedro Leon,HOU,26
15937,2024,Aledmys Diaz,- - -,33
21853,2024,Will Benson,CIN,26
21716,2024,Enmanuel Valdez,BOS,25
27475,2024,Jordan Walker,STL,22
14387,2024,Harold Ramirez,- - -,29
13757,2024,Chris Taylor,LAD,33
20311,2024,Corey Julks,CHW,28
20521,2024,Nick Madrigal,CHC,27
30011,2024,Christian Encarnacion-Strand,CIN,24
23312,2024,Ryan Noda,OAK,28
22277,2024,Nick Allen,OAK,25
15585,2024,Mike Ford,CIN,31
19514,2024,Andrew Knizner,TEX,29
28312,2024,Coby Mayo,BAL,22
16337,2024,Nick Gordon,MIA,28
26151,2024,Kyle Stowers,- - -,26
5827,2024,Wilmer Flores,SFG,32
25616,2024,Marco Luciano,SFG,22
13355,2024,Luke Maile,CIN,33
12979,2024,Javier Baez,DET,31
26031,2024,Vaughn Grissom,BOS,23
23818,2024,Ji Hwan Bae,PIT,24
29617,2024,Henry Davis,PIT,24
16357,2024,Pablo Reyes,- - -,30
21746,2024,Jose Fermin,STL,25
19966,2024,Bobby Dalbec,BOS,29
25817,2024,Braden Shewmake,CHW,26
20056,2024,Alan Trejo,COL,28
17982,2024,Ty France,- - -,29
19901,2024,Gavin Sheets,CHW,28
20529,2024,Nolan Jones,COL,26
15429,2024,Kris Bryant,COL,32
26467,2024,Luis Matos,SFG,22
26149,2024,Dominic Fletcher,CHW,26
31567,2024,Trey Lipscomb,WSN,24
12092,2024,Niko Goodrum,- - -,32
27501,2024,Justin Foscue,TEX,25
17484,2024,Eloy Jimenez,- - -,27
19698,2024,Edward Olivares,PIT,28
21897,2024,Christopher Morel,- - -,25
14366,2024,Joey Meneses,WSN,32
10950,2024,Adam Duvall,ATL,35
31431,2024,Jordan Beck,COL,23
20178,2024,Miguel Vargas,- - -,24
13338,2024,Omar Narvaez,NYM,32
19600,2024,Bryan De La Cruz,- - -,27
22244,2024,Jack Suwinski,PIT,25
20126,2024,Dylan Carlson,- - -,25
29715,2024,Hunter Goodman,COL,24
9627,2024,Yan Gomes,CHC,36
26517,2024,Noelvi Marte,CIN,22
15172,2024,Tim Anderson,MIA,31
6887,2024,Martin Maldonado,CHW,37
15676,2024,Jose Abreu,HOU,37
20543,2024,Elehuris Montero,COL,25
12155,2024,Eddie Rosario,- - -,32
11615,2024,Brandon Drury,LAA,31
18401,2023,Ronald Acuna Jr.,ATL,25
5361,2023,Freddie Freeman,LAD,33
13611,2023,Mookie Betts,LAD,30
19755,2023,Shohei Ohtani,LAA,28
14344,2023,Matt Olson,ATL,29
13624,2023,Corey Seager,TEX,29
12533,2023,Marcus Semien,TEX,32
20123,2023,Juan Soto,SDP,24
25764,2023,Bobby Witt Jr.,KCR,23
20503,2023,William Contreras,MIL,25
23697,2023,Julio Rodriguez,SEA,22
26288,2023,Adley Rutschman,BAL,25
12916,2023,Francisco Lindor,NYM,29
25878,2023,Corbin Carroll,ARI,22
18360,2023,Austin Riley,ATL,26
16578,2023,Yandy Diaz,TBR,31
19352,2023,Sean Murphy,ATL,28
18345,2023,Kyle Tucker,HOU,26
20043,2023,Luis Robert Jr.,CHW,25
15491,2023,J.P. Crawford,SEA,28
15640,2023,Aaron Judge,NYY,31
23667,2023,Wander Franco,TBR,22
18314,2023,Dansby Swanson,CHC,29
19287,2023,Adolis Garcia,TEX,30
26289,2023,Gunnar Henderson,BAL,22
13510,2023,Jose Ramirez,CLE,30
12161,2023,Xander Bogaerts,SDP,30
21479,2023,Nico Hoerner,CHC,26
15998,2023,Cody Bellinger,CHC,27
17678,2023,Alex Bregman,HOU,29
19556,2023,Yordan Alvarez,HOU,26
13613,2023,Ketel Marte,ARI,29
21534,2023,Cal Raleigh,SEA,26
20036,2023,Isaac Paredes,TBR,24
12927,2023,Brandon Nimmo,NYM,30
27506,2023,Ha-seong Kim,SDP,27
5417,2023,Jose Altuve,HOU,33
16556,2023,Ozzie Albies,ATL,26
19522,2023,TJ Friedl,CIN,27
16252,2023,Trea Turner,PHI,30
26294,2023,Bryson Stott,PHI,25
19709,2023,Fernando Tatis Jr.,SDP,24
16930,2023,Jonah Heim,TEX,28
13419,2023,Christian Walker,ARI,32
19612,2023,Bo Bichette,TOR,25
25931,2023,Michael Harris II,ATL,22
24770,2023,James Outman,LAD,26
11477,2023,Christian Yelich,MIL,31
19197,2023,Will Smith,LAD,28
19950,2023,Andres Gimenez,CLE,24
20529,2023,Nolan Jones,COL,25
16997,2023,Gleyber Torres,NYY,26
11579,2023,Bryce Harper,PHI,30
17350,2023,Rafael Devers,BOS,26
20202,2023,Brandon Marsh,PHI,25
16426,2023,Thairo Estrada,SFG,27
12552,2023,Eugenio Suarez,SEA,31
18568,2023,Luis Arraez,MIA,26
19953,2023,Josh Lowe,TBR,25
9218,2023,Paul Goldschmidt,STL,35
11493,2023,Manny Machado,SDP,30
15986,2023,Willy Adames,MIL,27
19599,2023,Chas McCormick,HOU,28
17919,2023,Ian Happ,CHC,28
10324,2023,Marcell Ozuna,ATL,32
29695,2023,Matt McLain,CIN,23
13621,2023,Jeimer Candelario,- - -,29
18577,2023,Ke'Bryan Hayes,PIT,26
30116,2023,Seiya Suzuki,CHC,28
19290,2023,Randy Arozarena,TBR,28
21454,2023,Lars Nootbaar,STL,25
26121,2023,Francisco Alvarez,NYM,21
24610,2023,Steven Kwan,CLE,25
10155,2023,Mike Trout,LAA,31
16939,2023,Lane Thomas,WSN,27
18882,2023,Brandon Lowe,TBR,28
16505,2023,Matt Chapman,TOR,30
11609,2023,Willson Contreras,STL,31
19251,2023,Pete Alonso,NYM,28
26299,2023,Josh Jung,TEX,25
19566,2023,Nathaniel Lowe,TEX,27
18839,2023,Josh Naylor,CLE,26
29766,2023,Zack Gelof,OAK,23
27534,2023,Edouard Julien,MIN,24
12144,2023,Max Kepler,MIN,30
11615,2023,Brandon Drury,LAA,30
22244,2023,Jack Suwinski,PIT,24
9777,2023,Nolan Arenado,STL,32
19363,2023,Austin Hays,BAL,27
11038,2023,Kevin Kiermaier,TOR,33
21636,2023,Jeremy Pena,HOU,25
27478,2023,Patrick Bailey,SFG,24
17452,2023,Jose Siri,TBR,27
24617,2023,Jarren Duran,BOS,26
13301,2023,Max Muncy,LAD,32
14551,2023,Anthony Santander,BAL,28
17338,2023,Willi Castro,MIN,26
18900,2023,Leody Taveras,TEX,24
19452,2023,Jake Rogers,DET,28
23003,2023,Yainer Diaz,HOU,24
19354,2023,Luke Raley,TBR,28
13185,2023,Orlando Arcia,ATL,28
15362,2023,Jeff McNeil,NYM,31
19470,2023,Tommy Edman,STL,28
20437,2023,Royce Lewis,MIN,24
6184,2023,J.D. Martinez,LAD,35
5827,2023,Wilmer Flores,SFG,31
24618,2023,Ryan Jeffers,MIN,26
22275,2023,Jake Burger,- - -,27
22263,2023,Nolan Gorman,STL,23
25976,2023,Riley Greene,DET,22
22664,2023,Gabriel Moreno,ARI,23
22799,2023,Geraldo Perdomo,ARI,23
25768,2023,CJ Abrams,WSN,22
22581,2023,Alejandro Kirk,TOR,24
15161,2023,Mitch Garver,TEX,32
4940,2023,Jason Heyward,LAD,33
12037,2023,Jon Berti,MIA,33
16219,2023,J.D. Davis,SFG,30
22715,2023,Maikel Garcia,KCR,23
10264,2023,Brandon Belt,TOR,35
19627,2023,Brent Rooker,OAK,28
21865,2023,Bo Naylor,CLE,23
19326,2023,Bryan Reynolds,PIT,28
23312,2023,Ryan Noda,OAK,27
26323,2023,Spencer Steer,CIN,25
19238,2023,Lourdes Gurriel Jr.,ARI,29
11739,2023,J.T. Realmuto,PHI,32
23565,2023,Davis Schneider,TOR,24
21853,2023,Will Benson,CIN,25
14221,2023,Jorge Soler,MIA,31
25961,2023,Kerry Carpenter,DET,25
16535,2023,Danny Jansen,TOR,28
21840,2023,Freddy Fermin,KCR,28
2967,2023,Tommy Pham,- - -,35
20454,2023,Jazz Chisholm Jr.,MIA,25
13066,2023,Teoscar Hernandez,SEA,30
12856,2023,George Springer,TOR,33
11489,2023,Michael A. Taylor,MIN,32
26668,2023,Elly De La Cruz,CIN,21
19918,2023,Daulton Varsho,TOR,26
27647,2023,Anthony Volpe,NYY,22
23401,2023,Jose Caballero,SEA,26
22514,2023,Triston Casas,BOS,23
19956,2023,Mickey Moniak,LAA,25
18126,2023,LaMonte Wade Jr.,SFG,29
15112,2023,Ryan McMahon,COL,28
17929,2023,Cedric Mullins,BAL,28
16530,2023,Mauricio Dubon,HOU,28
19858,2023,Luis Rengifo,LAA,26
14854,2023,Mike Yastrzemski,SFG,32
11445,2023,Mark Canha,- - -,34
15274,2023,Mike Tauchman,CHC,32
21558,2023,Matt Vierling,DET,26
14162,2023,Carlos Correa,MIN,28
24064,2023,Ezequiel Tovar,COL,21
18564,2023,Trent Grisham,SDP,26
26466,2023,Matt Wallner,MIN,25
10950,2023,Adam Duvall,BOS,34
21897,2023,Christopher Morel,CHC,24
11442,2023,Gary Sanchez,- - -,30
18373,2023,Ryan Mountcastle,BAL,26
21523,2023,Jonathan India,CIN,26
18819,2023,Andy Ibanez,DET,30
16442,2023,Ryan O'Hearn,BAL,29
24679,2023,Brendan Donovan,STL,26
25807,2023,Jared Triolo,PIT,25
2396,2023,Carlos Santana,- - -,37
22558,2023,Jarred Kelenic,SEA,23
17027,2023,Alex Verdugo,BOS,27
14387,2023,Harold Ramirez,TBR,28
19913,2023,Jesus Sanchez,MIA,25
24336,2023,Johan Rojas,PHI,22
23733,2023,Ezequiel Duran,TEX,24
21618,2023,Alec Bohm,PHI,26
16572,2023,Connor Joe,PIT,30
17548,2023,Taylor Ward,LAA,29
14813,2023,Kyle Farmer,MIN,32
5517,2023,Kyle Higashioka,NYY,33
19273,2023,Stone Garrett,WSN,27
13152,2023,Jorge Polanco,MIN,29
11737,2023,Nick Castellanos,PHI,31
9847,2023,Andrew McCutchen,PIT,36
27465,2023,Spencer Torkelson,DET,23
12155,2023,Eddie Rosario,ATL,31
9874,2023,DJ LeMahieu,NYY,34
17982,2023,Ty France,SEA,28
27790,2023,Evan Carter,TEX,20
5235,2023,Justin Turner,BOS,38
19611,2023,Vladimir Guerrero Jr.,TOR,24
19779,2023,Dairon Blanco,KCR,30
13757,2023,Chris Taylor,LAD,32
17232,2023,Yoan Moncada,CHW,28
14968,2023,Victor Caratini,MIL,29
11281,2023,Whit Merrifield,TOR,34
20521,2023,Nick Madrigal,CHC,26
8709,2023,Elvis Andrus,CHW,34
21780,2023,Esteury Ruiz,OAK,24
19260,2023,Jake Fraley,CIN,28
8623,2023,Donovan Solano,MIN,35
29622,2023,Sal Frelick,MIL,23
13768,2023,Travis Jankowski,TEX,32
31347,2023,Zach Neto,LAA,22
20308,2023,Jake Meyers,HOU,27
17128,2023,Ramon Laureano,- - -,28
19921,2023,Blake Perkins,MIL,26
19806,2023,Jason Delay,PIT,28
21614,2023,Kyle Isbel,KCR,26
19392,2023,Zach McKinstry,DET,28
19339,2023,Nicky Lopez,- - -,28
22217,2023,Luis Campusano,SDP,24
27475,2023,Jordan Walker,STL,21
9627,2023,Yan Gomes,CHC,35
17022,2023,Edmundo Sosa,PHI,27
27815,2023,Jordan Westburg,BAL,24
13675,2023,Tyrone Taylor,MIL,29
27690,2023,Joey Wiemer,MIL,24
19734,2023,Josh Rojas,- - -,29
12976,2023,Austin Hedges,- - -,30
16478,2023,Kyle Schwarber,PHI,30
25505,2023,Cade Marlowe,SEA,26
5297,2023,Aaron Hicks,- - -,33
19252,2023,Cavan Biggio,TOR,28
20321,2023,Stuart Fairchild,CIN,27
23800,2023,Parker Meadows,DET,23
20505,2023,Drew Waters,KCR,24
24655,2023,Owen Miller,MIL,26
29931,2023,Jacob Young,WSN,23
18030,2023,Harrison Bader,- - -,29
23359,2023,Nelson Velazquez,- - -,24
13499,2023,Tom Murphy,SEA,32
17766,2023,D.J. Stewart,NYM,29
7859,2023,Charlie Blackmon,COL,36
15585,2023,Mike Ford,SEA,30
16376,2023,Michael Conforto,SFG,30
3473,2023,Anthony Rizzo,NYY,33
18036,2023,Jake Cronenworth,SDP,29
9774,2023,Christian Vazquez,MIN,32
30011,2023,Christian Encarnacion-Strand,CIN,23
31837,2023,Masataka Yoshida,BOS,29
11899,2023,Joc Pederson,SFG,31
16153,2023,Austin Slater,SFG,30
14128,2023,Joey Gallo,MIN,29
15711,2023,Tyler O'Neill,STL,28
18795,2023,Ramon Urias,BAL,29
21693,2023,Miguel Amaya,CHC,24
7739,2023,Travis d'Arnaud,ATL,34
22168,2023,Akil Baddoo,DET,24
25816,2023,Shea Langeliers,OAK,25
22458,2023,Taylor Walls,TBR,26
12979,2023,Javier Baez,DET,30
16725,2023,Jose Trevino,NYY,30
20352,2023,Ernie Clement,TOR,27
23772,2023,Wilyer Abreu,BOS,24
26517,2023,Noelvi Marte,CIN,21
26149,2023,Dominic Fletcher,ARI,25
13602,2023,Patrick Wisdom,CHC,31
10243,2023,Randal Grichuk,- - -,31
17484,2023,Eloy Jimenez,CHW,26
19262,2023,Garrett Hampson,MIA,28
16357,2023,Pablo Reyes,BOS,29
19455,2023,Andruw Monasterio,MIL,26
13324,2023,Ildemaro Vargas,WSN,31
16512,2023,Isiah Kiner-Falefa,NYY,28
19296,2023,Alex Call,WSN,28
7802,2023,Miguel Rojas,LAD,34
25332,2023,Endy Rodriguez,PIT,23
17273,2023,Jorge Mateo,BAL,28
21538,2023,Nick Fortes,MIA,26
18887,2023,Seby Zavala,- - -,29
21270,2023,Sean Bouchard,COL,27
20325,2023,Alex Kirilloff,MIN,25
19698,2023,Edward Olivares,KCR,27
19948,2023,Cristian Pache,PHI,24
5254,2023,Robbie Grossman,TEX,33
18042,2023,Dylan Moore,SEA,30
14161,2023,Byron Buxton,MIN,29
10681,2023,Gio Urshela,LAA,31
13355,2023,Luke Maile,CIN,32
20391,2023,Luis Garcia Jr.,WSN,23
14712,2023,Manuel Margot,TBR,28
15674,2023,Reese McGuire,BOS,28
19318,2023,Matt Thaiss,LAA,28
27684,2023,Michael Massey,KCR,25
22563,2023,Gabriel Arias,CLE,23
18015,2023,Paul DeJong,- - -,29
16496,2023,Forrest Wall,ATL,27
12005,2023,Nick Martini,CIN,33
24589,2023,Richie Palacios,STL,26
19864,2023,Riley Adams,WSN,27
27630,2023,Nick Loftin,KCR,24
21716,2023,Enmanuel Valdez,BOS,24
13145,2023,Josh Bell,- - -,30
26197,2023,Andrew Vaughn,CHW,25
15124,2023,Tim Locastro,NYM,30
15279,2023,Garrett Cooper,- - -,32
19859,2023,Rene Pinto,TBR,26
20157,2023,Matthew Batten,SDP,28
22197,2023,MJ Melendez,KCR,24
15464,2023,Hunter Renfroe,- - -,31
13897,2023,Tyler Heineman,- - -,32
15223,2023,Adam Frazier,BAL,31
25805,2023,Blake Sabol,SFG,25
15518,2023,Amed Rosario,- - -,27
13770,2023,Rob Refsnyder,BOS,32
18289,2023,Brian Anderson,MIL,30
26368,2023,JJ Bleday,OAK,25
20311,2023,Corey Julks,HOU,27
10028,2023,Christian Bethancourt,TBR,31
25479,2023,Brenton Doyle,COL,25
5343,2023,Brandon Crawford,SFG,36
28080,2023,Jasson Dominguez,NYY,20
25643,2023,Drew Millas,WSN,25
24729,2023,Logan O'Hoppe,LAA,23
15878,2023,Miguel Andujar,PIT,28
27555,2023,Garrett Mitchell,MIL,24
20599,2023,Ivan Herrera,STL,23
18363,2023,Victor Robles,WSN,26
21711,2023,Oneil Cruz,PIT,24
27562,2023,Austin Wells,NYY,23
26365,2023,Jonny DeLuca,LAD,24
9368,2023,Evan Longoria,ARI,37
11339,2023,Jake Marisnick,- - -,32
19928,2023,Ryan McKenna,BAL,26
23986,2023,Curtis Mead,TBR,22
19896,2023,Connor Wong,BOS,27
19890,2023,Emmanuel Rivera,ARI,27
12434,2023,Kevin Pillar,ATL,34
12282,2023,Rougned Odor,SDP,29
23792,2023,Alek Thomas,ARI,23
12859,2023,James McCann,BAL,33
23698,2023,Ronny Mauricio,NYM,22
19151,2023,Estevan Florial,NYY,25
10323,2023,Rafael Ortega,NYM,32
12325,2023,Jace Peterson,- - -,33
12564,2023,Trevor Story,BOS,30
19877,2023,Tristan Gray,TBR,27
19844,2023,Abraham Toro,MIL,26
12977,2023,Michael Perez,NYM,30
16623,2023,Greg Allen,NYY,30
19964,2023,Eguy Rosario,SDP,23
14130,2023,Daniel Vogelbach,NYM,30
25353,2023,Michael Stefanic,LAA,27
26208,2023,Tyler Fitzgerald,SFG,25
15654,2023,Billy McKinney,NYY,28
20220,2023,Jo Adell,LAA,24
17907,2023,Brendan Rodgers,COL,26
19818,2023,Joshua Palacios,PIT,27
12861,2023,Anthony Rendon,LAA,33
22532,2023,Tyler Freeman,CLE,24
15730,2023,Tyler Wade,OAK,28
25813,2023,Grae Kessinger,HOU,25
17620,2023,Myles Straw,CLE,28
10200,2023,Tucker Barnhart,CHC,32
21127,2023,Alejo Lopez,CIN,27
19181,2023,Zack Collins,CLE,28
17326,2023,Cole Tucker,COL,26
22202,2023,Jeter Downs,WSN,24
19358,2023,Weston Wilson,PHI,28
19873,2023,Drew Ellis,PHI,27
22209,2023,Sam Huff,TEX,25
27676,2023,Vinnie Pasquantino,KCR,25
31166,2023,Heston Kjerstad,BAL,24
4314,2023,Joey Votto,CIN,39
21501,2023,Trevor Larnach,MIN,26
26477,2023,Spencer Horwitz,TOR,25
17954,2023,Sam Hilliard,ATL,29
4106,2023,Michael Brantley,HOU,36
21837,2023,Jonathan Aranda,TBR,25
18054,2023,Sam Haggerty,SEA,29
19828,2023,Cody Thomas,OAK,28
15104,2023,Jonathan Davis,MIA,31
5038,2023,Josh Donaldson,- - -,37
24262,2023,Ceddanne Rafaela,BOS,22
22266,2023,Xavier Edwards,MIA,23
24273,2023,Liover Peguero,PIT,22
20126,2023,Dylan Carlson,STL,24
16424,2023,Jordan Luplow,- - -,29
11368,2023,Yasmani Grandal,CHW,34
21622,2023,Jake McCarthy,ARI,25
25616,2023,Marco Luciano,SFG,21
26396,2023,Josh Smith,TEX,25
28163,2023,Junior Caminero,TBR,19
17321,2023,Michael Chavis,WSN,27
19788,2023,Zach Remillard,CHW,29
20017,2023,Miles Mastrobuoni,CHC,27
13620,2023,Carson Kelly,- - -,28
12147,2023,Nick Ahmed,ARI,33
15271,2023,Austin Wynns,- - -,32
21293,2023,Dalton Guthrie,PHI,27
3298,2023,Charlie Culberson,ATL,34
22842,2023,Alexander Canario,CHC,23
11381,2023,Drew Maggi,PIT,34
2829,2023,Manny Pina,OAK,36
33189,2023,Nolan Schanuel,LAA,21
21560,2023,Alfonso Rivas,- - -,26
19514,2023,Andrew Knizner,STL,28
19983,2023,Conner Capel,OAK,26
16375,2023,Oscar Mercado,STL,28
14567,2023,Franchy Cordero,NYY,28
17696,2023,Kevin Newman,CIN,29
20178,2023,Miguel Vargas,LAD,23
11481,2023,Henry Ramos,CIN,31
14350,2023,Raimel Tapia,- - -,29
20626,2023,Logan Porter,KCR,27
20572,2023,Kody Clemens,PHI,27
16622,2023,Luis Urias,- - -,26
13329,2023,Jake Lamb,LAA,32
18123,2023,Nathan Lukes,TOR,28
21746,2023,Jose Fermin,STL,24
13338,2023,Omar Narvaez,NYM,31
18872,2023,Jahmai Jones,MIL,25
18395,2023,Travis Blankenhorn,WSN,26
14773,2023,Yu Chang,BOS,27
21524,2023,Joey Bart,SFG,26
22505,2023,Buddy Kennedy,ARI,24
13854,2023,Anthony Bemboom,BAL,33
25040,2023,Vinny Capra,PIT,26
17932,2023,Andrew Stevenson,MIN,29
20287,2023,Ben Rortvedt,NYY,25
23296,2023,Jacob Amaya,MIA,24
24597,2023,Jonathan Ornelas,TEX,23
10197,2023,Shelby Miller,LAD,32
10199,2023,Billy Hamilton,CHW,32
13218,2023,Michael Fulmer,CHC,30
18323,2023,Josh Sborz,TEX,29
19245,2023,Chris Okey,LAA,28
19906,2023,Diego Castillo,ARI,25
21535,2023,Connor Kaiser,COL,26
23552,2023,Chandler Seagle,SDP,27
24934,2023,David Fry,CLE,27
11680,2023,Elias Diaz,COL,32
17838,2023,Willie Calhoun,NYY,28
15653,2023,Dominic Smith,WSN,28
12775,2023,Brad Miller,TEX,33
18063,2023,Kyle Garlick,MIN,31
16403,2023,Francisco Mejia,TBR,27
15905,2023,Luis Torrens,- - -,27
25660,2023,Will Brennan,CLE,25
19997,2023,Santiago Espinal,TOR,28
22054,2023,Dane Myers,MIA,27
18821,2023,Jose Azocar,SDP,27
22471,2023,Livan Soto,LAA,23
19958,2023,Carter Kieboom,WSN,25
19562,2023,Zack Short,DET,28
20056,2023,Alan Trejo,COL,27
17992,2023,David Fletcher,LAA,29
14477,2023,Jake Cave,PHI,30
9929,2023,Darin Ruf,- - -,36
27490,2023,Nick Gonzales,PIT,24
19960,2023,Taylor Trammell,SEA,25
23818,2023,Ji Hwan Bae,PIT,23
14894,2023,Tony Kemp,OAK,31
14735,2023,Brett Phillips,LAA,29
22186,2023,Brice Turang,MIL,23
19878,2023,Adam Haseley,CHW,27
22274,2023,Samad Taylor,KCR,24
22515,2023,Heliot Ramos,SFG,23
12371,2023,Tommy La Stella,SEA,34
15672,2023,Austin Meadows,DET,28
20002,2023,Bryce Johnson,SFG,27
12160,2023,Ben Gamel,SDP,31
25493,2023,Joey Ortiz,BAL,24
13788,2023,Matt Reynolds,CIN,32
16593,2023,Kevin Padlo,LAA,26
2900,2023,Roberto Perez,SFG,34
25476,2023,Cam Eden,TOR,25
16953,2023,Chadwick Tromp,ATL,28
24485,2023,Tyler Cropley,KCR,27
19346,2023,Eli White,ATL,29
12140,2023,Juniel Querecuto,STL,30
21587,2023,Cesar Salazar,HOU,27
17109,2023,Meibrys Viloria,CLE,26
22411,2023,Cal Stevenson,SFG,26
22169,2023,Calvin Mitchell,PIT,24
19842,2023,Caleb Hamilton,BOS,28
22557,2023,Michael Siani,- - -,23
2233,2023,Adam Wainwright,STL,41
19768,2023,Rylan Bannon,HOU,27
19977,2023,Tres Barrera,STL,28
22232,2023,Mason McCoy,TOR,28
25822,2023,Andre Lipcius,DET,25
20404,2023,Jared Young,CHC,27
11200,2023,Kole Calhoun,CLE,35
10642,2023,Carlos Perez,OAK,32
17710,2023,Matt Beaty,- - -,30
17161,2023,Chad Wallach,LAA,31
13836,2023,Matt Duffy,KCR,32
20805,2023,Carlos Perez,CHW,26
25459,2023,Peyton Burdick,MIA,26
23985,2023,Osleivis Basabe,TBR,22
23691,2023,Jose Tena,CLE,22
15172,2023,Tim Anderson,CHW,30
22542,2023,Lawrence Butler,OAK,22
31490,2023,Wade Meckler,SFG,23
15214,2023,Brandon Dixon,SDP,31
19966,2023,Bobby Dalbec,BOS,28
15117,2023,Hunter Dozier,KCR,31
13744,2023,David Dahl,SDP,29
21078,2023,Trey Cabbage,LAA,26
14196,2023,Andrew Velazquez,LAA,28
14950,2023,Johan Camargo,SFG,29
27531,2023,David Hamilton,BOS,25
19432,2023,Yonny Hernandez,LAD,25
16947,2023,Derek Hill,WSN,27
16680,2023,Brian O'Keefe,SEA,29
17737,2023,Josh Lester,BAL,28
29976,2023,Jordan Lawlar,ARI,20
19212,2023,Taylor Kohlwey,SDP,28
25867,2023,Ryan Kreidler,DET,25
27769,2023,Pete Crow-Armstrong,CHC,21
8418,2023,Ehire Adrianza,ATL,33
13359,2023,Tyler Naquin,CHW,32
15082,2023,Adam Engel,SDP,31
25817,2023,Braden Shewmake,ATL,25
12546,2023,C.J. Cron,- - -,33
14366,2023,Joey Meneses,WSN,31
19600,2023,Bryan De La Cruz,MIA,26
7304,2023,Salvador Perez,KCR,33
15194,2023,Jake Bauers,NYY,27
17901,2023,Andrew Benintendi,CHW,28
2434,2023,Nelson Cruz,SDP,42
2136,2023,David Peralta,LAD,35
11342,2023,Jesus Aguilar,OAK,33
11902,2023,Hanser Alberto,CHW,30
16434,2023,Christian Arroyo,BOS,28
22871,2023,Tucupita Marcano,PIT,23
29715,2023,Hunter Goodman,COL,23
9241,2023,Starling Marte,NYM,34
3516,2023,Eric Hosmer,CHC,33
21562,2023,Romy Gonzalez,CHW,26
9952,2023,Trayce Thompson,- - -,32
13265,2023,Mike Zunino,CLE,32
24451,2023,J.P. Martinez,TEX,27
16686,2023,Jason Vosler,CIN,29
24400,2023,Terrin Vavra,BAL,26
18067,2023,Garrett Stubbs,PHI,30
11265,2023,Jonathan Schoop,DET,31
22277,2023,Nick Allen,OAK,24
24782,2023,David Villar,SFG,26
15983,2023,Jackson Frazier,CHW,28
27604,2023,Alika Williams,PIT,24
20275,2023,Jonathan Arauz,NYM,24
12510,2023,Curt Casali,CIN,34
24703,2023,Jonah Bride,OAK,27
20054,2023,Bligh Madris,HOU,27
18316,2023,Edwin Rios,CHC,29
12399,2023,Taylor Motter,STL,33
19957,2023,Blake Rutherford,WSN,26
19458,2023,Cooper Hummel,SEA,28
10030,2023,Chris Owings,PIT,31
19422,2023,Brian Serven,COL,28
26420,2023,Kyren Paris,LAA,21
5486,2023,Abraham Almonte,NYM,34
20463,2023,Irving Lopez,STL,28
19293,2023,Nick Senzel,CIN,28
18171,2023,Seth Brown,OAK,30
4892,2023,Mike Moustakas,- - -,34
19198,2023,Yuli Gurriel,MIA,39
26467,2023,Luis Matos,SFG,21
26438,2023,Dominic Canzone,- - -,25
15794,2023,Yonathan Daza,COL,29
19683,2023,Mike Brosseau,MIL,29
8090,2023,Matt Carpenter,SDP,37
21497,2023,Luken Baker,STL,26
15937,2023,Aledmys Diaz,OAK,32
16451,2023,Luis Guillorme,NYM,28
23690,2023,Brayan Rocchio,CLE,22
18032,2023,Mark Mathias,- - -,28
25569,2023,Jake Alu,WSN,26
13723,2023,Jacob Stallings,MIA,33
21547,2023,Coco Montes,COL,26
5760,2023,Avisail Garcia,MIA,32
14811,2023,Luke Voit,MIL,32
22823,2023,Oswald Peraza,NYY,23
22261,2023,Bubba Thompson,TEX,25
12180,2023,Jorge Alfaro,- - -,30
27735,2023,Brett Wisely,SFG,24
23264,2023,Canaan Smith-Njigba,PIT,24
29591,2023,Colton Cowser,BAL,23
5273,2023,Sandy Leon,TEX,34
26151,2023,Kyle Stowers,BAL,25
17922,2023,Isan Diaz,- - -,27
19931,2023,Luke Williams,- - -,26
19610,2023,Keibert Ruiz,WSN,24
15676,2023,Jose Abreu,HOU,36
26031,2023,Vaughn Grissom,ATL,22
5452,2023,Ji-Man Choi,- - -,32
17893,2023,Tyler Nevin,DET,26
23378,2023,Jose Barrero,CIN,25
26123,2023,Brett Baty,NYM,23
17040,2023,Jose Herrera,ARI,26
18400,2023,Juan Yepez,STL,25
20242,2023,Kevin Smith,OAK,26
10441,2023,Jon Singleton,- - -,31
18217,2023,Brett Sullivan,SDP,29
14566,2023,Franmil Reyes,KCR,27
16337,2023,Nick Gordon,MIN,27
19508,2023,Kyle Lewis,ARI,27
25482,2023,T.J. Hopkins,CIN,26
12984,2023,Jackie Bradley Jr.,KCR,33
17988,2023,Tyler Stephenson,CIN,26
4949,2023,Giancarlo Stanton,NYY,33
27615,2023,Alec Burleson,STL,24
22117,2023,Nick Pratto,KCR,24
10762,2023,Corey Dickerson,WSN,34
27577,2023,Casey Schmitt,SFG,24
22896,2023,Lenyn Sosa,CHW,23
8202,2023,Josh Harrison,PHI,35
26319,2023,Michael Busch,LAD,25
23695,2023,Everson Pereira,NYY,22
13755,2023,Tomas Nido,NYM,29
1744,2023,Miguel Cabrera,DET,40
15679,2023,Rowdy Tellez,MIL,28
19892,2023,Pavin Smith,ARI,27
22650,2023,Jordan Diaz,OAK,22
14274,2023,Mitch Haniger,SFG,32
21987,2023,Rodolfo Castro,- - -,24
20538,2023,Jose Miranda,MIN,25
10047,2023,Wil Myers,CIN,32
27845,2023,Matt Mervis,CHC,25
9256,2023,A.J. Pollock,- - -,35
12532,2023,Kolten Wong,- - -,32
12158,2023,Austin Barnes,LAD,33
20536,2023,Vidal Brujan,TBR,25
19717,2023,Darick Hall,PHI,27
12981,2023,Cam Gallagher,CLE,30
29617,2023,Henry Davis,PIT,23
15149,2023,Trey Mancini,CHC,31
22184,2023,Mark Vientos,NYM,23
21707,2023,Oswaldo Cabrera,NYY,24
13590,2023,Jesse Winker,MIL,29
13853,2023,Joey Wendle,MIA,33
18889,2023,Danny Mendick,NYM,29
27479,2023,Masyn Winn,STL,21
25111,2023,David Hensley,HOU,27
23788,2023,Jordyn Adams,LAA,23
20543,2023,Elehuris Montero,COL,24
6153,2023,Eduardo Escobar,- - -,34
6887,2023,Martin Maldonado,HOU,36
18607,2023,Jared Walsh,LAA,29
15941,2023,Austin Nola,SDP,33
25543,2023,Korey Lee,CHW,24
25055,2023,Nate Eaton,KCR,26
30162,2023,Oscar Colas,CHW,24
27467,2023,Tyler Soderstrom,OAK,21
10472,2023,Enrique Hernandez,- - -,31
21635,2023,Nick Maton,DET,26
14111,2023,Eric Haase,- - -,30
25845,2023,Michael Toglia,COL,24
15429,2023,Kris Bryant,COL,31
5933,2023,Jean Segura,MIA,33
20970,2023,Oscar Gonzalez,CLE,25
19901,2023,Gavin Sheets,CHW,27
14691,2023,Harold Castro,COL,29
10815,2023,Jurickson Profar,- - -,30
